speaker_id,source_speaker_id,label,age,sex
mdvr_kcl:ID00,ID00,0,,
mdvr_kcl:ID01,ID01,0,,
mdvr_kcl:ID02,ID02,1,,
mdvr_kcl:ID03,ID03,0,,
mdvr_kcl:ID04,ID04,1,,
mdvr_kcl:ID05,ID05,0,,
mdvr_kcl:ID06,ID06,1,,
mdvr_kcl:ID07,ID07,1,,
mdvr_kcl:ID08,ID08,0,,
mdvr_kcl:ID09,ID09,0,,
mdvr_kcl:ID10,ID10,0,,
mdvr_kcl:ID11,ID11,0,,
mdvr_kcl:ID12,ID12,0,,
mdvr_kcl:ID13,ID13,1,,
mdvr_kcl:ID14,ID14,0,,
mdvr_kcl:ID15,ID15,0,,
mdvr_kcl:ID16,ID16,1,,
mdvr_kcl:ID17,ID17,1,,
mdvr_kcl:ID18,ID18,1,,
mdvr_kcl:ID19,ID19,0,,
mdvr_kcl:ID20,ID20,1,,
mdvr_kcl:ID21,ID21,0,,
mdvr_kcl:ID22,ID22,0,,
mdvr_kcl:ID23,ID23,0,,
mdvr_kcl:ID24,ID24,1,,
mdvr_kcl:ID25,ID25,0,,
mdvr_kcl:ID26,ID26,0,,
mdvr_kcl:ID27,ID27,1,,
mdvr_kcl:ID28,ID28,0,,
mdvr_kcl:ID29,ID29,1,,
mdvr_kcl:ID30,ID30,1,,
mdvr_kcl:ID31,ID31,0,,
mdvr_kcl:ID32,ID32,1,,
mdvr_kcl:ID33,ID33,1,,
mdvr_kcl:ID34,ID34,1,,
mdvr_kcl:ID35,ID35,0,,
mdvr_kcl:ID36,ID36,0,,
