file_path,speaker_id,source_speaker_id,label,age,sex,task,recording_id,dataset,sample_rate_hz,channels,sample_width_bits,duration_s,speaker_verified,start_s,end_s
data/26-29_09_2017_KCL/ReadText/HC/ID00_hc_0_0_0.wav,mdvr_kcl:ID00,ID00,0,,,reading,mdvr_kcl:ID00:reading,mdvr_kcl,44100,1,24,151.114716553288,False,0.0,151.114716553288
data/26-29_09_2017_KCL/ReadText/HC/ID01_hc_0_0_0.wav,mdvr_kcl:ID01,ID01,0,,,reading,mdvr_kcl:ID01:reading,mdvr_kcl,44100,1,24,164.1050566893424,False,0.0,164.1050566893424
data/26-29_09_2017_KCL/ReadText/HC/ID03_hc_0_0_0.wav,mdvr_kcl:ID03,ID03,0,,,reading,mdvr_kcl:ID03:reading,mdvr_kcl,44100,1,24,139.55532879818594,False,0.0,139.55532879818594
data/26-29_09_2017_KCL/ReadText/HC/ID05_hc_0_0_0.wav,mdvr_kcl:ID05,ID05,0,,,reading,mdvr_kcl:ID05:reading,mdvr_kcl,44100,1,24,110.92691609977324,False,0.0,110.92691609977324
data/26-29_09_2017_KCL/ReadText/HC/ID08_hc_0_0_0.wav,mdvr_kcl:ID08,ID08,0,,,reading,mdvr_kcl:ID08:reading,mdvr_kcl,44100,1,24,146.10476190476192,False,0.0,146.10476190476192
data/26-29_09_2017_KCL/ReadText/HC/ID09_hc_0_0_0.wav,mdvr_kcl:ID09,ID09,0,,,reading,mdvr_kcl:ID09:reading,mdvr_kcl,44100,1,24,125.47598639455782,False,0.0,125.47598639455782
data/26-29_09_2017_KCL/ReadText/HC/ID10_hc_0_0_0.wav,mdvr_kcl:ID10,ID10,0,,,reading,mdvr_kcl:ID10:reading,mdvr_kcl,44100,1,24,136.77233560090704,False,0.0,136.77233560090704
data/26-29_09_2017_KCL/ReadText/HC/ID11_hc_0_0_0.wav,mdvr_kcl:ID11,ID11,0,,,reading,mdvr_kcl:ID11:reading,mdvr_kcl,44100,1,24,148.38630385487528,False,0.0,148.38630385487528
data/26-29_09_2017_KCL/ReadText/HC/ID12_hc_0_0_0.wav,mdvr_kcl:ID12,ID12,0,,,reading,mdvr_kcl:ID12:reading,mdvr_kcl,44100,1,24,130.53124716553287,False,0.0,130.53124716553287
data/26-29_09_2017_KCL/ReadText/HC/ID14_hc_0_0_0.wav,mdvr_kcl:ID14,ID14,0,,,reading,mdvr_kcl:ID14:reading,mdvr_kcl,44100,1,24,168.41766439909298,False,0.0,168.41766439909298
data/26-29_09_2017_KCL/ReadText/HC/ID15_hc_0_0_0.wav,mdvr_kcl:ID15,ID15,0,,,reading,mdvr_kcl:ID15:reading,mdvr_kcl,44100,1,24,170.63448979591837,False,0.0,170.63448979591837
data/26-29_09_2017_KCL/ReadText/HC/ID19_hc_0_0_0.wav,mdvr_kcl:ID19,ID19,0,,,reading,mdvr_kcl:ID19:reading,mdvr_kcl,44100,1,24,141.25108843537416,False,0.0,141.25108843537416
data/26-29_09_2017_KCL/ReadText/HC/ID21_hc_0_0_0.wav,mdvr_kcl:ID21,ID21,0,,,reading,mdvr_kcl:ID21:reading,mdvr_kcl,44100,1,24,122.2057596371882,False,0.0,122.2057596371882
data/26-29_09_2017_KCL/ReadText/HC/ID22_hc_0_0_0.wav,mdvr_kcl:ID22,ID22,0,,,reading,mdvr_kcl:ID22:reading,mdvr_kcl,44100,1,24,167.4401814058957,False,0.0,167.4401814058957
data/26-29_09_2017_KCL/ReadText/HC/ID23_hc_0_0_0.wav,mdvr_kcl:ID23,ID23,0,,,reading,mdvr_kcl:ID23:reading,mdvr_kcl,44100,1,24,203.59596371882083,False,0.0,203.59596371882083
data/26-29_09_2017_KCL/ReadText/HC/ID25_hc_0_0_0.wav,mdvr_kcl:ID25,ID25,0,,,reading,mdvr_kcl:ID25:reading,mdvr_kcl,44100,1,24,174.34809523809523,False,0.0,174.34809523809523
data/26-29_09_2017_KCL/ReadText/HC/ID26_hc_0_0_0.wav,mdvr_kcl:ID26,ID26,0,,,reading,mdvr_kcl:ID26:reading,mdvr_kcl,44100,1,24,153.74072562358276,False,0.0,153.74072562358276
data/26-29_09_2017_KCL/ReadText/HC/ID28_hc_0_0_0.wav,mdvr_kcl:ID28,ID28,0,,,reading,mdvr_kcl:ID28:reading,mdvr_kcl,44100,1,24,145.78263038548752,False,0.0,145.78263038548752
data/26-29_09_2017_KCL/ReadText/HC/ID31_hc_0_1_1.wav,mdvr_kcl:ID31,ID31,0,,,reading,mdvr_kcl:ID31:reading,mdvr_kcl,44100,1,24,192.97562358276645,False,0.0,192.97562358276645
data/26-29_09_2017_KCL/ReadText/HC/ID35_hc_0_0_0.wav,mdvr_kcl:ID35,ID35,0,,,reading,mdvr_kcl:ID35:reading,mdvr_kcl,44100,1,24,93.23818594104308,False,0.0,93.23818594104308
data/26-29_09_2017_KCL/ReadText/HC/ID36_hc_0_0_0.wav,mdvr_kcl:ID36,ID36,0,,,reading,mdvr_kcl:ID36:reading,mdvr_kcl,44100,1,24,158.59467120181407,False,0.0,158.59467120181407
data/26-29_09_2017_KCL/ReadText/PD/ID02_pd_2_0_0.wav,mdvr_kcl:ID02,ID02,1,,,reading,mdvr_kcl:ID02:reading,mdvr_kcl,44100,1,24,157.55666666666667,False,0.0,157.55666666666667
data/26-29_09_2017_KCL/ReadText/PD/ID04_pd_2_0_1.wav,mdvr_kcl:ID04,ID04,1,,,reading,mdvr_kcl:ID04:reading,mdvr_kcl,44100,1,24,122.48226757369616,False,0.0,122.48226757369616
data/26-29_09_2017_KCL/ReadText/PD/ID06_pd_3_1_1.wav,mdvr_kcl:ID06,ID06,1,,,reading,mdvr_kcl:ID06:reading,mdvr_kcl,44100,1,24,178.92011337868482,False,0.0,178.92011337868482
data/26-29_09_2017_KCL/ReadText/PD/ID07_pd_2_0_0.wav,mdvr_kcl:ID07,ID07,1,,,reading,mdvr_kcl:ID07:reading,mdvr_kcl,44100,1,24,147.66569160997733,False,0.0,147.66569160997733
data/26-29_09_2017_KCL/ReadText/PD/ID13_pd_3_2_2.wav,mdvr_kcl:ID13,ID13,1,,,reading,mdvr_kcl:ID13:reading,mdvr_kcl,44100,1,24,93.36138321995465,False,0.0,93.36138321995465
data/26-29_09_2017_KCL/ReadText/PD/ID16_pd_2_0_0.wav,mdvr_kcl:ID16,ID16,1,,,reading,mdvr_kcl:ID16:reading,mdvr_kcl,44100,1,24,167.2638321995465,False,0.0,167.2638321995465
data/26-29_09_2017_KCL/ReadText/PD/ID17_pd_2_1_0.wav,mdvr_kcl:ID17,ID17,1,,,reading,mdvr_kcl:ID17:reading,mdvr_kcl,44100,1,24,109.41208616780044,False,0.0,109.41208616780044
data/26-29_09_2017_KCL/ReadText/PD/ID18_pd_4_3_3.wav,mdvr_kcl:ID18,ID18,1,,,reading,mdvr_kcl:ID18:reading,mdvr_kcl,44100,1,24,85.74224489795918,False,0.0,85.74224489795918
data/26-29_09_2017_KCL/ReadText/PD/ID20_pd_3_0_1.wav,mdvr_kcl:ID20,ID20,1,,,reading,mdvr_kcl:ID20:reading,mdvr_kcl,44100,1,24,141.08097505668934,False,0.0,141.08097505668934
data/26-29_09_2017_KCL/ReadText/PD/ID24_pd_2_0_0.wav,mdvr_kcl:ID24,ID24,1,,,reading,mdvr_kcl:ID24:reading,mdvr_kcl,44100,1,24,141.93798185941043,False,0.0,141.93798185941043
data/26-29_09_2017_KCL/ReadText/PD/ID27_pd_4_1_1.wav,mdvr_kcl:ID27,ID27,1,,,reading,mdvr_kcl:ID27:reading,mdvr_kcl,44100,1,24,83.77777777777777,False,0.0,83.77777777777777
data/26-29_09_2017_KCL/ReadText/PD/ID29_pd_3_1_2.wav,mdvr_kcl:ID29,ID29,1,,,reading,mdvr_kcl:ID29:reading,mdvr_kcl,44100,1,24,155.27170068027212,False,0.0,155.27170068027212
data/26-29_09_2017_KCL/ReadText/PD/ID30_pd_2_1_1.wav,mdvr_kcl:ID30,ID30,1,,,reading,mdvr_kcl:ID30:reading,mdvr_kcl,44100,1,24,132.25421768707483,False,0.0,132.25421768707483
data/26-29_09_2017_KCL/ReadText/PD/ID32_pd_3_1_1.wav,mdvr_kcl:ID32,ID32,1,,,reading,mdvr_kcl:ID32:reading,mdvr_kcl,44100,1,24,73.03902494331066,False,0.0,73.03902494331066
data/26-29_09_2017_KCL/ReadText/PD/ID33_pd_3_2_2.wav,mdvr_kcl:ID33,ID33,1,,,reading,mdvr_kcl:ID33:reading,mdvr_kcl,44100,1,24,118.3695238095238,False,0.0,118.3695238095238
data/26-29_09_2017_KCL/ReadText/PD/ID34_pd_2_0_0.wav,mdvr_kcl:ID34,ID34,1,,,reading,mdvr_kcl:ID34:reading,mdvr_kcl,44100,1,24,127.92086167800454,False,0.0,127.92086167800454
data/26-29_09_2017_KCL/SpontaneousDialogue/HC/ID00_hc_0_0_0.wav,mdvr_kcl:ID00,ID00,0,,,spontaneous,mdvr_kcl:ID00:spontaneous,mdvr_kcl,44100,1,24,119.8397052154195,False,0.0,119.8397052154195
data/26-29_09_2017_KCL/SpontaneousDialogue/HC/ID01_hc_0_0_0.wav,mdvr_kcl:ID01,ID01,0,,,spontaneous,mdvr_kcl:ID01:spontaneous,mdvr_kcl,44100,1,24,117.0808163265306,False,0.0,117.0808163265306
data/26-29_09_2017_KCL/SpontaneousDialogue/HC/ID03_hc_0_0_0.wav,mdvr_kcl:ID03,ID03,0,,,spontaneous,mdvr_kcl:ID03:spontaneous,mdvr_kcl,44100,1,24,154.11324263038549,False,0.0,154.11324263038549
data/26-29_09_2017_KCL/SpontaneousDialogue/HC/ID05_hc_0_0_0.wav,mdvr_kcl:ID05,ID05,0,,,spontaneous,mdvr_kcl:ID05:spontaneous,mdvr_kcl,44100,1,24,184.48895691609977,False,0.0,184.48895691609977
data/26-29_09_2017_KCL/SpontaneousDialogue/HC/ID08_hc_0_0_0.wav,mdvr_kcl:ID08,ID08,0,,,spontaneous,mdvr_kcl:ID08:spontaneous,mdvr_kcl,44100,1,24,128.384126984127,False,0.0,128.384126984127
data/26-29_09_2017_KCL/SpontaneousDialogue/HC/ID09_hc_0_0_0.wav,mdvr_kcl:ID09,ID09,0,,,spontaneous,mdvr_kcl:ID09:spontaneous,mdvr_kcl,44100,1,24,141.29226757369614,False,0.0,141.29226757369614
data/26-29_09_2017_KCL/SpontaneousDialogue/HC/ID10_hc_0_0_0.wav,mdvr_kcl:ID10,ID10,0,,,spontaneous,mdvr_kcl:ID10:spontaneous,mdvr_kcl,44100,1,24,169.45242630385488,False,0.0,169.45242630385488
data/26-29_09_2017_KCL/SpontaneousDialogue/HC/ID11_hc_0_0_0.wav,mdvr_kcl:ID11,ID11,0,,,spontaneous,mdvr_kcl:ID11:spontaneous,mdvr_kcl,44100,1,24,166.20925170068028,False,0.0,166.20925170068028
data/26-29_09_2017_KCL/SpontaneousDialogue/HC/ID12_hc_0_0_0.wav,mdvr_kcl:ID12,ID12,0,,,spontaneous,mdvr_kcl:ID12:spontaneous,mdvr_kcl,44100,1,24,165.2097052154195,False,0.0,165.2097052154195
data/26-29_09_2017_KCL/SpontaneousDialogue/HC/ID14_hc_0_0_0.wav,mdvr_kcl:ID14,ID14,0,,,spontaneous,mdvr_kcl:ID14:spontaneous,mdvr_kcl,44100,1,24,138.86360544217686,False,0.0,138.86360544217686
data/26-29_09_2017_KCL/SpontaneousDialogue/HC/ID15_hc_0_0_0.wav,mdvr_kcl:ID15,ID15,0,,,spontaneous,mdvr_kcl:ID15:spontaneous,mdvr_kcl,44100,1,24,220.63916099773243,False,0.0,220.63916099773243
data/26-29_09_2017_KCL/SpontaneousDialogue/HC/ID19_hc_0_0_0.wav,mdvr_kcl:ID19,ID19,0,,,spontaneous,mdvr_kcl:ID19:spontaneous,mdvr_kcl,44100,1,24,91.95272108843535,False,0.0,91.95272108843535
data/26-29_09_2017_KCL/SpontaneousDialogue/HC/ID21_hc_0_0_0.wav,mdvr_kcl:ID21,ID21,0,,,spontaneous,mdvr_kcl:ID21:spontaneous,mdvr_kcl,44100,1,24,89.0958276643991,False,0.0,89.0958276643991
data/26-29_09_2017_KCL/SpontaneousDialogue/HC/ID22hc_0_0_0.wav,mdvr_kcl:ID22,ID22,0,,,spontaneous,mdvr_kcl:ID22:spontaneous,mdvr_kcl,44100,1,24,150.24362811791383,False,0.0,150.24362811791383
data/26-29_09_2017_KCL/SpontaneousDialogue/HC/ID23_hc_0_0_0.wav,mdvr_kcl:ID23,ID23,0,,,spontaneous,mdvr_kcl:ID23:spontaneous,mdvr_kcl,44100,1,24,143.88263038548752,False,0.0,143.88263038548752
data/26-29_09_2017_KCL/SpontaneousDialogue/HC/ID25_hc_0_0_0.wav,mdvr_kcl:ID25,ID25,0,,,spontaneous,mdvr_kcl:ID25:spontaneous,mdvr_kcl,44100,1,24,141.75095238095238,False,0.0,141.75095238095238
data/26-29_09_2017_KCL/SpontaneousDialogue/HC/ID26_hc_0_0_0.wav,mdvr_kcl:ID26,ID26,0,,,spontaneous,mdvr_kcl:ID26:spontaneous,mdvr_kcl,44100,1,24,130.29736961451246,False,0.0,130.29736961451246
data/26-29_09_2017_KCL/SpontaneousDialogue/HC/ID28_hc_0_0_0.wav,mdvr_kcl:ID28,ID28,0,,,spontaneous,mdvr_kcl:ID28:spontaneous,mdvr_kcl,44100,1,24,116.31260770975057,False,0.0,116.31260770975057
data/26-29_09_2017_KCL/SpontaneousDialogue/HC/ID31_hc_0_1_1.wav,mdvr_kcl:ID31,ID31,0,,,spontaneous,mdvr_kcl:ID31:spontaneous,mdvr_kcl,44100,1,24,76.35263038548753,False,0.0,76.35263038548753
data/26-29_09_2017_KCL/SpontaneousDialogue/HC/ID35_hc_0_0_0.wav,mdvr_kcl:ID35,ID35,0,,,spontaneous,mdvr_kcl:ID35:spontaneous,mdvr_kcl,44100,1,24,148.45832199546484,False,0.0,148.45832199546484
data/26-29_09_2017_KCL/SpontaneousDialogue/HC/ID36_hc_0_0_0.wav,mdvr_kcl:ID36,ID36,0,,,spontaneous,mdvr_kcl:ID36:spontaneous,mdvr_kcl,44100,1,24,113.37485260770976,False,0.0,113.37485260770976
data/26-29_09_2017_KCL/SpontaneousDialogue/PD/ID02_pd_2_0_0.wav,mdvr_kcl:ID02,ID02,1,,,spontaneous,mdvr_kcl:ID02:spontaneous,mdvr_kcl,44100,1,24,189.3842857142857,False,0.0,189.3842857142857
data/26-29_09_2017_KCL/SpontaneousDialogue/PD/ID04_pd_2_0_1.wav,mdvr_kcl:ID04,ID04,1,,,spontaneous,mdvr_kcl:ID04:spontaneous,mdvr_kcl,44100,1,24,146.88662131519274,False,0.0,146.88662131519274
data/26-29_09_2017_KCL/SpontaneousDialogue/PD/ID06_pd_3_1_1.wav,mdvr_kcl:ID06,ID06,1,,,spontaneous,mdvr_kcl:ID06:spontaneous,mdvr_kcl,44100,1,24,128.32052154195011,False,0.0,128.32052154195011
data/26-29_09_2017_KCL/SpontaneousDialogue/PD/ID07_pd_2_0_0.wav,mdvr_kcl:ID07,ID07,1,,,spontaneous,mdvr_kcl:ID07:spontaneous,mdvr_kcl,44100,1,24,209.27145124716557,False,0.0,209.27145124716557
data/26-29_09_2017_KCL/SpontaneousDialogue/PD/ID13_pd_3_2_2.wav,mdvr_kcl:ID13,ID13,1,,,spontaneous,mdvr_kcl:ID13:spontaneous,mdvr_kcl,44100,1,24,199.45385487528344,False,0.0,199.45385487528344
data/26-29_09_2017_KCL/SpontaneousDialogue/PD/ID16_pd_2_0_0.wav,mdvr_kcl:ID16,ID16,1,,,spontaneous,mdvr_kcl:ID16:spontaneous,mdvr_kcl,44100,1,24,156.59648526077098,False,0.0,156.59648526077098
data/26-29_09_2017_KCL/SpontaneousDialogue/PD/ID17_pd_2_1_0.wav,mdvr_kcl:ID17,ID17,1,,,spontaneous,mdvr_kcl:ID17:spontaneous,mdvr_kcl,44100,1,24,154.34918367346938,False,0.0,154.34918367346938
data/26-29_09_2017_KCL/SpontaneousDialogue/PD/ID20_pd_3_0_1.wav,mdvr_kcl:ID20,ID20,1,,,spontaneous,mdvr_kcl:ID20:spontaneous,mdvr_kcl,44100,1,24,110.2866439909297,False,0.0,110.2866439909297
data/26-29_09_2017_KCL/SpontaneousDialogue/PD/ID24_pd_2_0_0.wav,mdvr_kcl:ID24,ID24,1,,,spontaneous,mdvr_kcl:ID24:spontaneous,mdvr_kcl,44100,1,24,139.58074829931974,False,0.0,139.58074829931974
data/26-29_09_2017_KCL/SpontaneousDialogue/PD/ID27_pd_4_1_1.wav,mdvr_kcl:ID27,ID27,1,,,spontaneous,mdvr_kcl:ID27:spontaneous,mdvr_kcl,44100,1,24,172.30349206349206,False,0.0,172.30349206349206
data/26-29_09_2017_KCL/SpontaneousDialogue/PD/ID29_pd_3_1_2.wav,mdvr_kcl:ID29,ID29,1,,,spontaneous,mdvr_kcl:ID29:spontaneous,mdvr_kcl,44100,1,24,140.7536961451247,False,0.0,140.7536961451247
data/26-29_09_2017_KCL/SpontaneousDialogue/PD/ID30_pd_2_1_1.wav,mdvr_kcl:ID30,ID30,1,,,spontaneous,mdvr_kcl:ID30:spontaneous,mdvr_kcl,44100,1,24,132.5511111111111,False,0.0,132.5511111111111
data/26-29_09_2017_KCL/SpontaneousDialogue/PD/ID32_pd_3_1_1.wav,mdvr_kcl:ID32,ID32,1,,,spontaneous,mdvr_kcl:ID32:spontaneous,mdvr_kcl,44100,1,24,105.3663492063492,False,0.0,105.3663492063492
data/26-29_09_2017_KCL/SpontaneousDialogue/PD/ID33_pd_3_2_2.wav,mdvr_kcl:ID33,ID33,1,,,spontaneous,mdvr_kcl:ID33:spontaneous,mdvr_kcl,44100,1,24,122.89267573696144,False,0.0,122.89267573696144
data/26-29_09_2017_KCL/SpontaneousDialogue/PD/ID34_pd_2_0_0.wav,mdvr_kcl:ID34,ID34,1,,,spontaneous,mdvr_kcl:ID34:spontaneous,mdvr_kcl,44100,1,24,121.94326530612246,False,0.0,121.94326530612246
